2742,-1.75,4.6,True,0
2794,5.9,4.6,True,0
2846,5.98,4.92,True,0
2898,-0.71,4.28,True,0
2951,-6.76,4.28,True,0
3003,-2.46,4.92,True,0
3055,6.27,4.6,True,0
3107,-6.78,4.92,True,0
3160,-7.95,4.6,True,0
3212,-11.99,4.28,True,0
3264,-2.95,4.92,True,0
3316,1.51,4.6,True,0
3368,-4.35,4.6,True,0
3421,-5.71,4.28,True,0
3473,1.32,4.28,True,0
3525,2.11,4.6,True,0
3577,2.4,4.28,True,0
3630,-1.69,4.6,True,0
3682,2.81,4.92,True,0
3734,-1.25,4.6,True,0
3786,-4.53,4.28,True,0
3838,4.55,4.6,True,0
3891,-9.93,4.28,True,0
3943,-4.94,4.92,True,0
3995,-5.7,5.24,True,0
4047,-3.59,4.28,True,0
4100,-8.12,4.28,True,0
4152,-1.29,4.6,True,0
4204,-1.01,4.92,True,0
4256,-5.37,4.6,True,0
4308,0.56,4.28,True,0
4361,9.34,4.6,True,0
4413,-4.64,4.6,True,0
4465,-12.47,4.28,True,0
4517,-6.23,4.92,True,0
4570,-8.86,4.6,True,0
4622,-4.57,4.6,True,0
4674,-2.2,4.28,True,0
4726,7.47,5.24,True,0
4779,-2.15,4.28,True,0
4831,14.76,4.92,True,0
4883,-8.14,4.92,True,0
4935,-7.94,4.92,True,0
4987,-7.59,4.6,True,0
5040,-4.0,4.28,True,0
5092,-5.1,4.92,True,0
5144,-8.26,4.6,True,0
5196,2.3,4.28,True,0
5249,1.93,4.28,True,0
5301,1.71,4.28,True,0
5353,-1.91,4.28,True,0
5405,2.55,4.6,True,0
5457,-6.54,4.92,True,0
5510,1.25,4.92,True,0
5562,-3.9,4.6,True,0
5614,9.08,4.92,True,0
5666,8.39,4.28,True,0
5720,-4.33,4.6,True,0
5772,4.88,4.28,False,False
5824,-1.04,4.92,False,False
5876,-4.25,4.6,False,False
5928,-1.99,4.28,False,False
5981,-7.27,4.28,False,False
6033,0.86,4.6,False,False
6085,-5.79,4.92,False,False
6137,1.82,4.28,False,False
6190,-3.98,4.6,False,False
6242,-6.03,4.6,False,False
6294,8.57,4.28,False,False
6346,-0.39,4.6,False,False
6398,2.59,4.6,False,False
6451,-7.36,4.6,False,False
6503,3.66,4.28,False,False
6555,-0.26,4.92,False,False
6607,-6.34,4.6,False,False
6660,-9.05,4.6,False,False
6712,1.53,4.6,False,False
6764,13.6,4.28,False,False
6816,-5.02,4.28,False,False
6868,-14.93,4.92,False,False
6921,-0.28,4.28,False,False
6973,-5.11,4.92,False,False
7025,13.46,4.92,False,False
7077,-2.93,4.28,False,False
7130,-2.01,4.28,False,False
7182,-9.6,4.6,False,False
7234,14.14,4.28,False,False
7286,0.31,4.6,False,False
7339,-3.54,4.6,False,False
7391,-0.24,4.6,False,False
7443,0.4,4.28,False,False
7495,-2.51,4.28,False,False
7547,-10.59,4.6,False,False
7600,-9.32,4.6,False,False
7652,0.4,4.6,False,False
7704,2.68,4.6,False,False
7756,-4.6,4.28,False,False
7809,2.07,4.28,False,False
7861,-8.75,4.28,False,False
7913,-2.75,4.92,False,False
7965,0.71,4.28,False,False
8017,16.11,4.6,False,False
8070,4.38,4.92,False,False
8122,3.0,4.92,False,False
8174,8.24,4.6,False,False
8226,3.75,4.6,False,False
8279,-6.38,4.6,False,False
8331,3.25,4.6,False,False
8383,-13.78,4.92,False,False
8435,9.37,4.6,False,False
8487,9.03,4.28,False,False
8540,4.5,4.28,False,False
8593,-8.44,4.92,False,False
8645,-3.45,4.28,False,False
8697,-11.82,4.6,False,False
8750,6.08,4.92,False,False
8802,-6.87,4.6,False,False
8854,5.4,4.6,False,False
8906,-0.88,4.92,False,False
8958,-4.8,4.6,False,False
9011,-6.39,4.6,False,False
9063,-5.61,4.6,False,False
9115,0.84,4.6,False,False
9167,4.27,4.6,False,False
9220,4.96,4.6,False,False
9272,1.74,4.6,False,False
9324,-2.33,4.6,False,False
9376,-8.55,4.28,False,False
9428,1.8,4.6,False,False
9481,-4.54,4.6,False,False
9533,-6.56,3.96,False,False
9585,1.8,4.6,False,False
9637,-0.14,4.92,False,False
9690,14.19,4.28,False,False
9742,-4.84,4.92,False,False
9794,-5.53,4.92,False,False
9846,2.71,4.28,False,False
9899,0.71,4.28,False,False
9951,6.35,4.6,False,False
10003,-8.27,4.28,False,False
10055,-4.71,4.28,False,False
10107,-8.61,4.6,False,False
10160,-4.21,4.28,False,False
10212,1.87,4.6,False,False
10264,-6.68,4.92,False,False
10316,-9.03,4.28,False,False
10370,-7.98,4.28,False,False
10422,0.08,4.28,False,False
10474,5.5,4.28,False,False
10526,-4.84,4.92,False,False
10578,-4.46,4.6,False,False
10631,-1.6,5.24,False,False
10683,-5.54,4.28,False,False
10735,-9.77,4.28,False,False
10787,3.74,4.6,False,False
10840,7.42,5.24,False,False
10892,-0.77,4.6,False,False
10944,2.84,4.6,False,False
10997,-10.5,4.92,False,False
11049,0.67,4.6,False,False
11102,4.61,4.92,False,False
11154,5.04,4.6,False,False
11206,4.71,4.92,False,False
11258,-0.68,4.6,False,False
11311,2.0,4.92,False,False
11363,1.11,4.6,False,False
11415,-4.25,4.6,False,False
11467,-2.03,4.28,False,False
11520,-1.85,4.6,False,False
11572,2.72,4.92,False,False
11624,-2.25,5.24,False,False
11677,-1.49,4.6,False,False
11729,-2.67,4.28,False,False
11782,6.85,5.24,False,False
11834,6.44,4.6,False,False
11886,-1.23,4.92,False,False
11938,-5.57,4.28,False,False
11991,-2.49,4.92,False,False
12043,-4.28,4.6,False,False
12095,7.71,4.6,False,False
12147,1.77,4.6,False,False
12199,-1.28,4.6,False,False
12252,1.66,4.92,False,False
12304,4.72,4.6,False,False
12356,-11.81,4.92,False,False
12409,1.56,4.92,False,False
12462,3.17,4.28,False,False
12514,-6.75,4.92,False,False
12566,4.51,4.6,False,False
12618,3.03,4.28,False,False
12670,-11.05,4.28,False,False
12723,-3.19,4.6,False,False
12775,-2.28,4.28,False,False
12827,-7.1,4.28,False,False
12879,-4.31,4.6,False,False
12932,2.89,4.6,False,False
12985,-1.85,4.6,False,False
13037,-4.87,4.6,False,False
13089,2.34,4.92,False,False
13142,-5.31,4.28,False,False
13194,0.28,4.92,False,False
13246,-6.73,4.28,False,False
13298,1.47,4.92,False,False
13350,3.6,4.92,False,False
13403,3.5,5.24,False,False
13455,4.65,4.6,False,False
13507,4.13,4.92,False,False
13559,-2.51,4.6,False,False
13612,-10.08,4.6,False,False
13665,3.41,4.92,False,False
13717,-11.21,4.28,False,False
13769,8.65,4.6,False,False
13821,-3.46,4.6,False,False
13874,-2.37,4.6,False,False
13926,1.49,4.6,False,False
13978,-4.21,4.92,False,False
14030,-4.42,4.28,False,False
14083,-3.41,4.92,False,False
14135,-0.28,4.6,False,False
14187,-5.73,4.28,False,False
14239,-4.88,4.6,False,False
14292,-5.96,4.6,False,False
14345,0.47,4.6,False,False
14397,7.31,4.6,False,False
14449,4.0,4.28,False,False
14501,-4.21,4.6,False,False
14554,5.45,4.28,False,False
14606,4.1,4.6,False,False
14658,-0.59,4.6,False,False
14710,13.42,4.6,False,False
14763,-2.03,5.24,False,False
14815,10.82,4.6,False,False
14867,-13.32,4.28,False,False
14919,2.36,4.28,False,False
14972,6.09,4.6,False,False
15025,-1.61,4.28,False,False
15077,0.26,4.28,False,False
15129,6.23,4.28,False,False
15181,1.44,4.6,False,False
15234,2.94,4.6,False,False
15286,-8.04,4.28,False,False
15338,-3.01,4.6,False,False
15390,-6.11,4.92,False,False
15442,4.36,4.6,False,False
15495,-1.68,4.92,False,False
15547,-13.03,4.28,False,False
15599,-0.11,4.28,False,False
15651,-3.5,4.6,False,False
15705,2.64,4.28,False,False
15757,0.67,4.28,False,False
15809,-4.41,4.6,False,False
15861,1.57,4.92,False,False
15913,2.25,4.6,False,False
15966,-3.26,4.6,False,False
16018,1.25,4.92,False,False
16070,-1.33,4.6,False,False
16122,-6.57,4.92,False,False
16175,-4.14,4.28,False,False
16227,13.4,4.28,False,False
16279,-12.44,4.92,False,False
16331,4.71,4.92,False,False
16385,-2.69,4.28,False,False
16437,-0.72,4.6,False,False
16489,2.98,4.6,False,False
16541,-1.76,4.28,False,False
16593,3.38,4.6,False,False
16646,2.13,4.6,False,False
16698,-4.66,4.6,False,False
16750,9.37,4.28,False,False
16802,-2.66,4.6,False,False
16855,-0.31,4.28,False,False
16907,0.33,4.28,False,False
16959,9.0,4.6,False,False
17011,1.12,4.92,False,False
17064,-2.33,4.6,False,False
17117,3.88,4.6,False,False
17169,4.95,4.28,False,False
17221,-7.7,4.6,False,False
17273,1.92,4.6,False,False
17326,1.0,4.6,False,False
17378,-12.27,4.28,False,False
17430,-7.32,4.92,False,False
17482,-4.1,4.6,False,False
17534,0.07,4.6,False,False
17587,-2.75,4.6,False,False
17639,9.76,4.28,False,False
17691,3.56,4.6,False,False
17743,3.05,4.92,False,False
17797,9.51,4.28,False,False
17849,-7.76,4.6,False,False
17901,2.57,4.6,False,False
17953,2.9,4.6,False,False
18006,-10.01,4.6,False,False
18058,1.86,4.92,False,False
18110,-0.08,4.28,False,False
18162,-8.94,4.6,False,False
18214,-13.7,4.92,False,False
18267,7.67,4.28,False,False
18319,3.91,4.92,False,False
18371,7.58,4.6,False,False
18424,2.52,4.6,False,False
18477,-8.02,4.28,False,False
18529,-5.79,4.6,False,False
18581,-2.31,4.6,False,False
18633,-5.53,4.6,False,False
18685,-0.51,4.6,False,False
18738,-8.04,4.92,False,False
18790,0.8,4.28,False,False
18842,-2.8,4.28,False,False
18894,0.01,4.28,False,False
18947,-3.05,4.28,False,False
18999,0.44,4.6,False,False
19051,6.6,4.28,False,False
19104,-9.7,4.28,False,False
19156,-2.16,4.6,False,False
19209,4.1,4.6,False,False
19261,12.72,4.6,False,False
19313,4.73,4.28,False,False
19365,8.35,4.28,False,False
19418,-3.65,4.6,False,False
19470,-1.07,4.92,False,False
19522,-4.17,4.92,False,False
19574,8.64,4.6,False,False
19627,-6.44,4.92,False,False
19679,-6.08,4.92,False,False
19731,-10.24,4.28,False,False
19784,-12.07,4.6,False,False
19836,8.5,4.6,False,False
19889,-0.06,4.6,False,False
19941,-7.86,4.92,False,False
19993,1.02,4.92,False,False
20045,6.75,4.6,False,False
20098,6.44,4.92,False,False
20150,-1.03,4.6,False,False
20202,4.27,4.28,False,False
20254,0.03,4.28,False,False
20306,-1.86,4.6,False,False
20359,-7.24,4.6,False,False
20411,-1.06,4.28,False,False
20464,3.99,4.92,False,False
20516,0.08,4.6,False,False
20569,10.62,4.92,False,False
20621,2.17,4.92,False,False
20673,12.8,4.6,False,False
20725,8.29,4.6,False,False
20777,6.22,4.92,False,False
20830,2.34,4.6,False,False
20882,-3.74,4.92,False,False
20934,-4.34,4.6,False,False
20986,-8.22,4.6,False,False
21039,-9.56,4.6,False,False
21092,-12.56,4.28,False,False
21144,3.96,4.28,False,False
21196,0.48,4.6,False,False
21249,-1.82,4.6,False,False
21301,-0.33,4.92,False,False
21353,-3.94,4.6,False,False
21405,-3.22,4.92,False,False
21457,4.82,4.6,False,False
21510,3.04,4.92,False,False
21562,-1.13,4.6,False,False
21614,2.74,4.6,False,False
21666,-1.83,4.6,False,False
21719,-0.18,4.28,False,False
21771,4.88,4.92,False,False
21823,4.91,4.28,False,False
21876,-9.34,4.92,False,False
21928,2.84,4.28,False,False
21981,-6.76,4.92,False,False
22033,0.36,4.6,False,False
22085,5.36,4.28,False,False
22137,6.75,4.6,False,False
22190,-14.3,4.6,False,False
22242,0.49,4.6,False,False
22294,1.47,4.28,False,False
22346,9.85,4.6,False,False
22398,2.94,4.6,False,False
22451,8.31,4.6,False,False
22504,-2.15,4.28,False,False
22556,-0.17,4.6,False,False
22608,-0.28,4.6,False,False
22661,1.7,4.28,False,False
22713,1.36,4.6,False,False
22765,1.21,4.92,False,False
22817,-3.83,4.6,False,False
22870,2.47,4.28,False,False
22922,-0.19,4.92,False,False
22974,1.26,4.6,False,False
23026,-3.84,4.92,False,False
23078,4.89,4.6,False,False
23131,-3.61,4.28,False,False
23183,7.36,4.92,False,False
23236,5.18,4.6,False,False
23288,1.62,4.28,False,False
23341,-7.4,4.92,False,False
23393,-8.68,5.24,False,False
23445,13.49,4.92,False,False
23497,4.64,4.92,False,False
23549,-3.59,4.6,False,False
23602,-4.01,4.6,False,False
23654,-8.0,4.28,False,False
23706,-10.42,4.6,False,False
23758,2.59,4.6,False,False
23811,0.46,4.28,False,False
23863,-8.93,4.28,False,False
23916,10.37,4.6,False,False
23968,-7.3,4.28,False,False
24020,-2.89,4.28,False,False
24073,5.81,4.6,False,False
24125,7.15,4.92,False,False
24177,0.91,5.24,False,False
24229,-1.13,4.28,False,False
24282,4.51,4.6,False,False
24334,-6.78,4.92,False,False
24386,0.72,4.6,False,False
24438,-2.14,4.28,False,False
24491,12.69,4.6,False,False
24543,-3.88,4.28,False,False
24596,-1.58,4.92,False,False
24648,-3.39,4.6,False,False
24700,-4.61,4.28,False,False
24753,-5.77,4.28,False,False
24805,-4.0,4.28,False,False
24857,-3.99,5.24,False,False
24909,-4.56,4.6,False,False
24962,6.27,4.6,False,False
25014,3.48,4.6,False,False
25066,-8.97,4.6,False,False
25118,3.67,4.28,False,False
25171,13.19,4.6,False,False
25224,-7.51,4.6,False,False
25276,0.63,4.28,False,False
25328,7.65,4.6,False,False
25380,-3.53,4.28,False,False
25433,6.46,4.6,False,False
25485,-7.31,4.6,False,False
25537,-2.68,4.6,False,False
25589,-4.86,4.6,False,False
25641,-3.43,4.92,False,False
25694,-4.96,4.6,False,False
25746,-2.13,4.28,False,False
25799,-1.32,4.28,False,False
25851,-5.56,4.28,False,False
25904,-2.05,4.92,False,False
25956,-0.78,4.6,False,False
26008,-5.11,4.28,False,False
26060,-0.49,4.6,False,False
26113,-0.1,4.28,False,False
26165,-2.7,4.92,False,False
26217,-5.06,4.6,False,False
26269,-0.26,4.28,False,False
26321,0.2,4.28,False,False
26374,-12.51,4.6,False,False
26426,-8.07,4.28,False,False
26479,3.68,4.6,False,False
26531,-0.44,4.6,False,False
26584,-1.0,4.28,False,False
26636,-9.09,4.6,False,False
26688,0.16,4.28,False,False
26740,-1.69,4.6,False,False
26792,-2.88,5.24,False,False
26845,8.92,4.6,False,False
26897,-5.89,4.92,False,False
26949,5.34,4.92,False,False
27001,-4.65,4.92,False,False
27054,-0.22,4.6,False,False
27106,-1.22,4.6,False,False
27159,-7.46,4.6,False,False
27211,-5.37,4.28,False,False
27264,-1.68,4.28,False,False
27316,-0.68,4.6,False,False
27368,-13.74,4.28,False,False
27420,-0.3,4.28,False,False
27472,-7.24,4.6,False,False
27525,1.96,4.28,False,False
27577,-6.05,4.28,False,False
27629,-4.5,4.6,False,False
27681,-6.06,4.6,False,False
27735,3.81,4.92,False,False
27787,-2.41,4.92,False,False
27839,-2.55,4.28,False,False
27891,-1.65,4.92,False,False
27943,-7.5,4.28,False,False
27996,-4.68,4.28,False,False
28048,7.02,4.6,False,False
28100,-3.08,4.6,False,False
28152,-2.86,4.6,False,False
28205,-3.54,4.6,False,False
28257,-5.54,4.28,False,False
28309,3.72,4.28,False,False
28361,-7.35,4.6,False,False
28414,5.59,4.6,False,False
28467,0.4,4.6,False,False
28519,1.57,4.6,False,False
28571,-2.55,4.92,False,False
28623,10.01,4.6,False,False
28676,-2.26,4.28,False,False
28728,-3.65,4.92,False,False
28780,-2.61,4.92,False,False
28832,-1.04,4.92,False,False
28884,-7.07,4.6,False,False
28937,2.42,4.28,False,False
28989,1.65,4.28,False,False
29042,-2.08,4.92,False,False
29094,10.7,4.6,False,False
29147,5.95,4.92,False,False
29199,-0.75,4.28,False,False
29251,-6.19,4.28,False,False
29303,0.87,4.28,False,False
29356,-5.37,4.28,False,False
29408,-8.28,4.28,False,False
29460,7.45,4.6,False,False
29512,-3.72,4.6,False,False
29564,4.98,4.28,False,False
29617,3.6,4.92,False,False
29670,-6.86,4.28,False,False
29722,8.67,4.6,False,False
29774,2.9,4.6,False,False
29827,-4.41,4.6,False,False
29879,-0.61,4.6,False,False
29931,3.35,4.92,False,False
29983,1.86,4.28,False,False
30035,-1.5,4.6,False,False
30088,-12.58,4.6,False,False
30140,2.79,4.6,False,False
30192,-6.48,4.28,False,False
30244,4.52,4.28,False,False
30297,5.04,4.28,False,False
30349,-0.99,4.28,False,False
30402,4.47,4.28,False,False
30454,3.85,4.6,False,False
30507,0.32,4.92,False,False
30559,-11.43,4.92,False,False
30611,3.61,4.28,False,False
30663,-3.86,4.6,False,False
30715,-12.4,4.6,False,False
30768,2.86,4.6,False,False
30820,-2.67,4.92,False,False
30872,-3.41,4.6,False,False
30924,4.63,4.28,False,False
30977,10.17,4.6,False,False
31030,-3.77,4.28,False,False
31082,-2.56,4.6,False,False
31134,-2.69,4.28,False,False
31186,5.77,4.28,False,False
31239,-8.89,4.6,False,False
31291,-0.86,4.92,False,False
31343,1.73,4.28,False,False
31395,-3.59,4.6,False,False
31448,15.13,4.92,False,False
31500,3.5,4.92,False,False
31552,-0.98,4.28,False,False
31604,7.2,4.28,False,False
31656,2.62,4.28,False,False
31710,-6.97,4.6,False,False
31762,-6.0,4.92,False,False
31814,-4.9,4.92,False,False
31866,-3.82,4.92,False,False
31919,-1.76,4.6,False,False
31971,-5.61,4.28,False,False
32023,-12.67,4.28,False,False
32075,0.13,4.28,False,False
32128,6.35,4.28,False,False
32180,-1.78,4.28,False,False
32232,-9.27,4.6,False,False
32284,0.02,4.92,False,False
32336,3.58,4.92,False,False
32390,-0.97,4.28,False,False
32442,1.36,4.6,False,False
32494,3.22,4.6,False,False
32546,-1.1,4.28,False,False
32599,4.24,4.28,False,False
32651,-2.17,4.6,False,False
32703,3.51,4.6,False,False
32755,-2.23,4.28,False,False
32807,1.33,4.6,False,False
32860,-0.29,4.28,False,False
32912,-6.01,4.92,False,False
32964,-2.84,4.6,False,False
33016,2.33,4.28,False,False
33069,-4.65,4.6,False,False
33122,-0.17,4.28,False,False
33174,-5.76,4.6,False,False
33226,-5.03,4.6,False,False
33278,-3.17,4.28,False,False
33331,-0.08,4.6,False,False
33383,-5.4,4.28,False,False
33435,-2.29,4.28,False,False
33487,0.11,4.28,False,False
33540,3.59,4.92,False,False
33592,18.78,4.28,False,False
33644,-7.12,4.28,False,False
33696,-3.65,4.6,False,False
33748,1.13,4.28,False,False
33802,-5.67,4.6,False,False
33854,-3.89,4.6,False,False
33906,3.97,4.6,False,False
33958,-3.4,4.92,False,False
34011,-495.06,4.6,False,False
34063,-5.28,4.92,False,False
34115,-3.63,4.6,False,False
34167,-10.54,4.28,False,False
34220,1.57,4.6,False,False
34272,-0.03,4.6,False,False
34324,-9.73,4.6,False,False
34376,-4.9,4.6,False,False
34429,-4.69,4.6,False,False
34482,-5.59,4.6,False,False
34534,0.63,4.92,False,False
34586,-1.97,4.92,False,False
34638,3.52,4.6,False,False
34691,-7.82,4.6,False,False
34743,-0.54,4.28,False,False
34795,-1.64,4.28,False,False
34847,-4.92,4.6,False,False
34899,7.13,4.92,False,False
34952,-2.78,4.28,False,False
35004,-1.16,4.28,False,False
35057,9.77,4.6,False,False
35109,-7.55,4.6,False,False
35162,1.57,4.6,False,False
35214,-4.53,4.6,False,False
35266,1.69,4.6,False,False
35318,-11.83,4.28,False,False
35371,-13.01,4.28,False,False
35423,-4.84,4.92,False,False
35475,-4.94,4.6,False,False
35527,4.13,4.92,False,False
35579,-9.65,4.6,False,False
35632,-0.41,4.92,False,False
35684,-6.44,4.28,False,False
35737,0.24,4.6,False,False
35789,2.65,4.28,False,False
35842,-2.62,5.24,False,False
35894,-1.33,4.6,False,False
35946,-2.34,4.28,False,False
35998,0.78,4.6,False,False
36050,12.58,4.28,False,False
36103,-6.18,4.92,False,False
36155,2.6,4.6,False,False
36207,-2.23,4.92,False,False
36259,-0.2,4.6,False,False
36312,-10.49,4.6,False,False
36365,-4.91,4.28,False,False
36417,1.87,4.6,False,False
36469,-1.9,3.96,False,False
36521,-3.8,4.6,False,False
36574,-5.97,4.28,False,False
36626,-8.79,4.28,False,False
36678,5.42,4.6,False,False
36730,-2.42,4.28,False,False
36783,-5.91,4.92,False,False
36835,-2.12,5.24,False,False
36887,-7.88,4.6,False,False
36939,-2.28,4.92,False,False
36992,-6.26,4.92,False,False
37045,-6.41,4.6,False,False
37097,-3.12,4.92,False,False
37149,-3.04,4.6,False,False
37201,2.53,4.92,False,False
37254,12.38,4.92,False,False
37306,2.11,4.28,False,False
37358,-2.81,4.28,False,False
37410,-3.01,4.6,False,False
37463,14.27,4.6,False,False
37515,2.84,4.6,False,False
37567,-1.89,4.6,False,False
37619,1.01,4.28,False,False
37672,7.92,4.6,False,False
37725,-4.98,4.6,False,False
37777,-2.32,4.28,False,False
37829,12.31,4.6,False,False
37881,3.03,4.28,False,False
37934,11.58,4.6,False,False
37986,2.47,4.6,False,False
38038,-5.75,4.6,False,False
38090,-9.41,4.28,False,False
38142,2.43,4.28,False,False
38195,-9.3,4.6,False,False
38247,8.94,4.28,False,False
38299,0.9,4.92,False,False
38352,-2.75,4.6,False,False
38405,-4.66,4.28,False,False
38457,14.73,4.6,False,False
38509,-1.49,4.6,False,False
38561,-1.07,4.28,False,False
38614,-13.38,4.6,False,False
38666,-9.17,4.28,False,False
38718,-0.09,4.28,False,False
38770,11.32,4.6,False,False
38822,4.22,4.28,False,False
38875,-1.63,4.6,False,False
38927,4.23,4.28,False,False
38979,0.36,4.6,False,False
39032,4.11,4.28,False,False
39085,-7.59,4.28,False,False
39137,-8.0,4.28,False,False
39189,1.53,4.28,False,False
39241,-0.41,4.6,False,False
39293,-1.84,4.28,False,False
39346,-2.33,4.28,False,False
39398,2.33,4.6,False,False
39450,-11.27,4.28,False,False
39502,-2.98,4.6,False,False
39555,5.42,4.28,False,False
39607,-3.28,4.92,False,False
39660,-8.19,4.28,False,False
39712,-2.23,4.6,False,False
39764,-3.18,5.24,False,False
39817,8.21,4.6,False,False
39869,6.74,4.28,False,False
39921,-1.26,4.92,False,False
39973,6.66,4.6,False,False
40026,11.01,4.92,False,False
40078,-2.28,4.6,False,False
40130,-7.31,4.28,False,False
40182,-2.39,4.92,False,False
40235,5.88,4.28,False,False
40288,-4.75,4.6,False,False
40340,-6.26,4.92,False,False
40392,-3.87,4.6,False,False
40444,0.5,4.6,False,False
40497,0.33,4.6,False,False
40549,0.48,5.24,False,False
40601,-5.81,4.6,False,False
40653,7.51,4.6,False,False
40706,0.5,4.6,False,False
40758,0.33,4.6,False,False
40810,-9.74,5.24,False,False
40862,5.67,4.6,False,False
40914,-5.38,4.92,False,False
40967,-9.71,4.6,False,False
41020,8.03,4.28,False,False
41072,-3.11,4.6,False,False
41124,-10.9,4.6,False,False
41177,6.29,4.6,False,False
41229,-4.74,4.6,False,False
41281,-7.17,4.92,False,False
41333,-6.27,4.28,False,False
41385,-2.17,4.6,False,False
41438,0.37,4.28,False,False
41490,-8.74,4.28,False,False
41542,0.39,4.6,False,False
41594,-9.23,4.6,False,False
41647,-7.9,4.6,False,False
41700,2.19,5.24,False,False
41752,-3.57,4.6,False,False
41804,7.71,4.92,False,False
41857,-4.75,4.92,False,False
41909,-0.04,4.28,False,False
41961,9.67,4.92,False,False
42013,2.36,4.6,False,False
42065,-14.14,4.92,False,False
42118,2.31,4.28,False,False
42170,10.74,4.6,False,False
42222,-12.17,4.6,False,False
42274,10.49,4.28,False,False
42328,4.66,4.28,False,False
42380,-4.94,4.6,False,False
42432,-5.98,4.6,False,False
42484,1.99,4.28,False,False
42536,-9.51,4.92,False,False
42589,4.9,4.92,False,False
42641,-0.31,4.28,False,False
42693,10.89,4.6,False,False
42745,4.48,4.28,False,False
42798,3.72,4.6,False,False
42850,6.49,4.6,False,False
42902,-2.42,4.92,False,False
42954,0.18,4.6,False,False
43008,0.39,4.6,False,False
43060,3.75,4.6,False,False
43112,-12.47,4.92,False,False
43164,3.71,4.6,False,False
43216,1.81,4.92,False,False
43269,4.42,4.28,False,False
43321,-6.89,4.6,False,False
43373,-12.2,4.92,False,False
43425,4.96,4.6,False,False
43478,5.19,4.6,False,False
43530,4.56,4.6,False,False
43582,-2.3,4.92,False,False
43634,1.04,4.6,False,False
43687,5.92,4.6,False,False
43740,-6.25,4.6,False,False
43792,-0.24,4.28,False,False
43844,4.96,4.6,False,False
43896,-6.42,4.6,False,False
43949,-9.13,4.6,False,False
44001,2.89,4.6,False,False
44053,0.51,4.92,False,False
44105,-0.72,4.92,False,False
44157,-2.98,4.6,False,False
44210,-11.25,4.92,False,False
44262,11.07,4.28,False,False
44315,0.32,4.28,False,False
44367,9.14,4.6,False,False
44420,17.13,4.28,False,False
44472,5.55,4.28,False,False
44524,-12.53,5.24,False,False
44576,-3.0,4.6,False,False
44628,6.11,4.92,False,False
44681,-2.33,4.28,False,False
44733,8.85,4.6,False,False
44785,15.37,4.92,False,False
44837,4.1,4.6,False,False
44890,-10.63,4.6,False,False
44942,6.75,4.6,False,False
44995,9.78,4.28,False,False
45047,3.93,4.92,False,False
45100,-4.77,4.28,False,False
45152,10.28,4.92,False,False
45204,4.88,4.6,False,False
45256,7.67,4.6,False,False
45308,2.52,4.6,False,False
45361,-11.64,4.6,False,False
45413,-2.74,4.6,False,False
45465,0.72,4.92,False,False
45517,-3.26,4.6,False,False
45570,6.34,4.28,False,False
45623,-0.91,4.6,False,False
45675,4.51,4.92,False,False
45727,-10.34,4.6,False,False
45779,1.83,5.24,False,False
45832,2.9,4.92,False,False
45884,-5.46,4.28,False,False
45936,-3.72,4.6,False,False
45988,-9.5,4.28,False,False
46041,8.97,4.6,False,False
46093,2.99,4.6,False,False
46145,0.78,4.28,False,False
46197,-1.89,4.6,False,False
46249,8.75,4.6,False,False
46303,5.72,4.28,False,False
46355,-0.46,4.28,False,False
46407,-0.77,4.28,False,False
46459,3.93,4.6,False,False
46512,-3.32,4.92,False,False
46564,-6.17,4.92,False,False
46616,-1.97,4.28,False,False
46668,-6.45,4.28,False,False
46721,-10.05,4.6,False,False
46773,-3.98,4.92,False,False
46825,-4.27,4.28,False,False
46877,6.91,4.6,False,False
46930,-6.2,4.28,False,False
46983,7.18,4.6,False,False
47035,-0.28,4.6,False,False
47087,12.45,4.28,False,False
47139,7.03,4.28,False,False
47192,-3.09,4.6,False,False
47244,-10.97,4.6,False,False
47296,0.54,4.92,False,False
47348,-3.55,4.28,False,False
47400,9.2,4.28,False,False
47453,1.8,4.6,False,False
47505,-4.97,4.92,False,False
47558,-2.85,4.6,False,False
47610,5.76,4.28,False,False
47663,-5.98,4.28,False,False
47715,3.95,4.6,False,False
47767,-0.02,4.6,False,False
47819,11.38,4.6,False,False
47872,-8.25,4.6,False,False
47924,-2.39,4.92,False,False
47976,1.07,4.28,False,False
48028,-2.23,4.92,False,False
48080,-1.6,4.6,False,False
48133,-5.14,4.28,False,False
48185,-2.16,4.6,False,False
48238,-9.11,4.6,False,False
48290,-0.71,4.28,False,False
48343,-3.62,4.6,False,False
48395,-2.08,4.6,False,False
48447,-8.71,4.6,False,False
48499,-0.0,4.92,False,False
48551,2.82,4.6,False,False
48604,8.22,4.6,False,False
48656,-12.03,4.6,False,False
48708,-3.54,4.6,False,False
48760,3.33,4.6,False,False
48813,-9.02,4.6,False,False
48865,6.06,4.6,False,False
48918,-8.29,4.6,False,False
48970,0.61,4.92,False,False
49022,12.66,4.6,False,False
49075,1.23,4.6,False,False
49127,6.61,4.6,False,False
49179,-7.23,4.6,False,False
49231,14.78,4.6,False,False
49284,4.66,4.6,False,False
49336,4.72,4.6,False,False
49388,-0.77,4.28,False,False
49440,-1.15,4.28,False,False
49492,6.67,4.6,False,False
49545,1.88,4.6,False,False
49598,2.89,4.6,False,False
49650,-11.82,4.28,False,False
49702,-1.55,4.28,False,False
49755,-14.1,4.6,False,False
49807,-7.45,4.92,False,False
49859,-11.62,4.6,False,False
49911,-6.81,4.6,False,False
49964,-9.31,4.6,False,False
50016,-8.15,5.24,False,False
50068,8.14,4.6,False,False
50120,-5.34,4.28,False,False
50172,13.51,4.6,False,False
50225,-11.12,4.92,False,False
50278,3.97,4.28,False,False
50330,-1.85,4.28,False,False
50382,-6.79,4.6,False,False
50435,0.77,4.6,False,False
50487,10.97,4.28,False,False
50539,1.56,4.6,False,False
50591,-14.89,4.6,False,False
50643,6.45,4.92,False,False
50696,-0.5,4.28,False,False
50748,3.9,4.28,False,False
50800,10.54,4.28,False,False
50853,-9.57,4.28,False,False
50906,3.41,4.92,False,False
50958,-3.9,4.92,False,False
51010,-0.72,4.28,False,False
51062,-0.45,4.92,False,False
51115,-7.71,4.28,False,False
51167,-5.28,4.28,False,False
51219,-5.87,4.6,False,False
51271,3.83,4.92,False,False
51323,-6.41,4.6,False,False
51376,2.84,4.6,False,False
51428,2.22,4.6,False,False
51480,-7.32,4.6,False,False
51533,-12.77,4.6,False,False
51586,-2.77,4.6,False,False
51638,16.77,4.28,False,False
51690,-2.94,4.6,False,False
51742,9.3,4.6,False,False
51794,0.1,4.28,False,False
51847,4.14,4.28,False,False
51899,-0.8,4.92,False,False
51951,-11.36,4.6,False,False
52003,9.3,4.6,False,False
52056,-4.39,4.6,False,False
52108,-9.78,4.28,False,False
52161,-5.69,4.92,False,False
52213,4.37,4.6,False,False
52265,-6.07,4.6,False,False
52318,2.65,4.6,False,False
52370,-8.79,4.6,False,False
52422,-4.14,5.24,False,False
52474,2.2,4.6,False,False
52527,-6.05,4.92,False,False
52579,-14.04,4.92,False,False
52631,4.81,4.6,False,False
52683,-2.28,4.28,False,False
52736,-4.37,4.28,False,False
52789,6.56,4.28,False,False
52841,4.85,4.28,False,False
52893,-9.39,4.28,False,False
52945,-1.2,4.6,False,False
52998,1.87,4.28,False,False
53050,-9.54,4.6,False,False
53102,5.03,4.6,False,False
53154,-8.71,4.6,False,False
53207,0.5,4.6,False,False
53259,-6.06,4.28,False,False
53311,6.35,4.6,False,False
53363,3.07,4.28,False,False
53416,9.38,4.92,False,False
53469,2.13,4.28,False,False
53521,-1.66,4.6,False,False
53573,11.28,4.28,False,False
53625,-2.19,4.28,False,False
53678,9.27,4.92,False,False
53730,-2.62,4.6,False,False
53782,-7.65,4.6,False,False
53834,-0.68,4.28,False,False
53886,-9.75,4.92,False,False
53939,-0.02,4.6,False,False
53991,2.31,4.6,False,False
54044,0.07,4.6,False,False
54096,-1.35,4.28,False,False
54149,-1.77,4.6,False,False
54201,-4.87,4.28,False,False
54253,-1.52,4.92,False,False
54305,8.82,4.6,False,False
54358,-4.03,4.28,False,False
54410,-1.8,4.28,False,False
54462,1.91,4.6,False,False
54514,1.85,4.6,False,False
54566,-8.19,4.6,False,False
54619,-4.82,4.92,False,False
54671,4.66,5.24,False,False
54724,-12.03,4.92,False,False
54776,-1.73,5.24,False,False
54829,-2.27,4.6,False,False
54881,2.34,4.92,False,False
54933,-7.36,4.6,False,False
54985,5.45,4.6,False,False
55037,-3.14,4.28,False,False
55090,6.89,4.6,False,False
55142,-1.37,4.28,False,False
55194,1.03,4.28,False,False
55246,-7.1,4.28,False,False
55299,-7.68,4.6,False,False
55351,-1.0,4.6,False,False
55404,-1.25,4.92,False,False
55456,-1.36,4.92,False,False
55508,3.24,4.28,False,False
55561,0.56,4.6,False,False
55613,7.84,4.92,False,False
55665,-11.05,4.28,False,False
55717,-2.46,4.28,False,False
55770,-8.06,4.6,False,False
55822,3.83,4.6,False,False
55874,-2.3,4.6,False,False
55926,-5.15,4.6,False,False
55979,-0.7,4.28,False,False
56032,-4.72,4.28,False,False
56084,-10.01,4.6,False,False
56136,-6.85,4.6,False,False
56188,2.36,4.28,False,False
56241,6.11,4.6,False,False
56293,1.96,4.6,False,False
56345,1.14,4.28,False,False
56397,-7.23,4.92,False,False
56450,-1.38,4.6,False,False
56502,-7.15,4.92,False,False
56554,-7.05,4.92,False,False
56606,3.24,5.24,False,False
56658,-7.14,4.6,False,False
56711,-0.54,4.6,False,False
56764,-3.31,4.28,False,False
56816,3.08,4.92,False,False
56868,-2.32,4.6,False,False
56921,-3.07,4.28,False,False
56973,1.77,4.92,False,False
57025,4.21,4.92,False,False
57077,1.98,4.92,False,False
57129,-4.44,4.6,False,False
57182,1.29,4.6,False,False
57234,-8.94,4.6,False,False
57286,-3.43,4.28,False,False
57338,0.74,4.6,False,False
57391,1.49,4.92,False,False
57444,-7.72,4.28,False,False
57496,1.13,4.28,False,False
57548,-6.32,4.6,False,False
57601,-2.72,4.28,False,False
57653,-1.28,4.6,False,False
57705,-7.13,4.6,False,False
57757,-9.95,4.6,False,False
57809,-7.05,4.6,False,False
57862,-5.69,4.6,False,False
57914,-3.42,4.6,False,False
57966,0.61,4.6,False,False
58018,-0.87,4.6,False,False
58071,6.04,4.6,False,False
58124,-5.89,4.6,False,False
58176,10.78,4.6,False,False
58228,-8.95,4.6,False,False
58280,-13.01,4.6,False,False
58333,-6.11,4.6,False,False
58385,3.42,4.28,False,False
58437,-8.17,5.24,False,False
58489,0.68,4.92,False,False
58542,6.06,4.28,False,False
58594,1.6,4.6,False,False
58646,-3.03,4.92,False,False
58698,-0.72,4.6,False,False
58752,5.92,4.6,False,False
58804,-0.46,4.28,False,False
58856,-1.84,4.92,False,False
58908,-2.18,4.6,False,False
58960,-8.86,5.24,False,False
59013,-1.7,4.6,False,False
59065,-0.02,4.92,False,False
59117,-1.2,4.92,False,False
59169,-2.41,4.28,False,False
59222,10.12,4.6,False,False
59274,2.92,4.28,False,False
59326,0.9,4.6,False,False
59378,-2.16,4.92,False,False
59431,-6.15,4.92,False,False
59484,-8.78,4.6,False,False
59536,12.47,4.6,False,False
59588,0.57,4.28,False,False
59640,-2.09,4.28,False,False
59693,-4.62,4.92,False,False
59745,-10.54,4.92,False,False
59797,8.55,4.6,False,False
59849,-4.03,4.6,False,False
59901,-0.42,4.28,False,False
59954,-6.21,4.92,False,False
60006,4.73,4.92,False,False
60059,-12.3,4.28,False,False
60111,5.47,4.92,False,False
60164,7.39,4.6,False,False
60216,-5.89,4.92,False,False
60268,3.04,4.6,False,False
60320,-0.14,4.28,False,False
60372,-6.49,4.6,False,False
60425,-4.87,4.28,False,False
60477,-7.47,4.6,False,False
60529,-2.63,4.28,False,False
60581,9.79,4.92,False,False
60634,-1.69,4.28,False,False
60686,0.67,4.6,False,False
60739,-8.07,4.6,False,False
60791,0.54,4.28,False,False
60844,10.49,4.6,False,False
60896,6.08,4.28,False,False
60948,-5.81,4.28,False,False
61000,-5.87,4.28,False,False
61052,4.98,4.28,False,False
61105,-2.87,4.92,False,False
61157,-3.11,4.92,False,False
61209,4.95,4.28,False,False
61261,-3.22,4.6,False,False
61314,-3.47,4.6,False,False
61367,-3.55,4.28,False,False
61419,-3.76,4.6,False,False
61471,9.2,5.24,False,False
61523,-1.61,4.6,False,False
61576,-6.98,4.28,False,False
61628,5.82,4.28,False,False
61680,-0.77,4.6,False,False
61732,-10.35,4.6,False,False
61785,-0.72,4.92,False,False
61837,-6.4,4.28,False,False
61889,-7.28,4.6,False,False
61941,-0.79,4.6,False,False
61993,-6.18,4.28,False,False
62047,-8.1,4.6,False,False
62099,5.84,4.28,False,False
62151,-13.81,4.28,False,False
62203,-1.81,4.92,False,False
62256,-6.03,4.92,False,False
62308,-1.29,4.6,False,False
62360,-3.08,4.6,False,False
62412,7.87,4.6,False,False
62465,-3.17,4.92,False,False
62517,-3.11,4.6,False,False
62569,-4.15,4.28,False,False
62622,3.47,4.6,False,False
62674,6.56,4.6,False,False
62727,-7.61,4.28,False,False
62779,3.08,4.6,False,False
62831,2.71,4.28,False,False
62883,2.03,4.6,False,False
62936,2.08,4.6,False,False
62988,-2.18,4.6,False,False
63040,14.79,4.6,False,False
63092,2.41,4.6,False,False
63144,0.28,4.28,False,False
63197,-5.24,4.6,False,False
63249,-3.02,4.28,False,False
63302,-10.26,4.28,False,False
63354,6.26,4.28,False,False
63407,12.16,3.96,False,False
63459,0.16,4.6,False,False
63511,-2.37,4.28,False,False
63563,-1.45,4.28,False,False
63616,2.5,4.6,False,False
63668,-2.28,4.28,False,False
63720,-5.78,4.6,False,False
63772,-0.77,4.28,False,False
63824,1.13,4.28,False,False
63877,-4.18,4.6,False,False
63929,-6.87,4.6,False,False
63982,7.87,4.6,False,False
64034,6.41,4.6,False,False
64087,2.09,4.28,False,False
64139,1.68,4.6,False,False
64191,-1.49,4.92,False,False
64243,-2.52,4.28,False,False
64295,1.69,4.6,False,False
64348,11.87,4.6,False,False
64400,-7.73,4.6,False,False
64452,-0.64,4.6,False,False
64504,3.55,4.6,False,False
64557,-4.65,4.92,False,False
64609,1.72,4.92,False,False
64662,-5.49,4.28,False,False
64714,0.49,4.92,False,False
64766,5.68,4.6,False,False
64819,4.75,4.28,False,False
64871,-1.12,4.6,False,False
64923,-4.91,5.24,False,False
64975,9.34,4.6,False,False
65028,8.41,4.6,False,False
65080,2.29,4.28,False,False
65132,18.1,4.6,False,False
65184,2.41,4.6,False,False
65236,8.66,4.6,False,False
65290,-3.15,4.92,False,False
65342,-4.44,4.6,False,False
65394,-5.02,4.6,False,False
65446,4.33,4.92,False,False
65499,0.11,4.6,False,False
65551,-7.48,4.28,False,False
65603,-0.91,4.28,False,False
65655,-1.8,4.92,False,False
65708,7.91,4.6,False,False
65760,-0.81,4.6,False,False
65812,0.6,4.6,False,False
65864,-0.08,4.28,False,False
65916,-0.14,4.28,False,False
65969,-2.33,4.6,False,False
66022,-1.85,5.24,False,False
66074,-5.98,4.6,False,False
66126,0.3,4.6,False,False
66179,0.01,4.6,False,False
66231,4.63,4.6,False,False
66283,4.5,4.6,False,False
66335,0.25,4.6,False,False
66387,-1.91,4.6,False,False
66440,10.05,4.6,False,False
66492,9.44,4.6,False,False
66544,-2.44,4.6,False,False
66596,14.21,4.92,False,False
66649,-8.5,4.28,False,False
66702,-1.94,4.28,False,False
66754,12.65,4.28,False,False
66806,-2.92,4.6,False,False
66859,3.44,4.28,False,False
66911,-7.15,4.6,False,False
66963,-2.26,4.6,False,False
67015,5.35,4.6,False,False
67067,-12.32,4.6,False,False
67120,4.68,4.28,False,False
67172,-5.42,4.28,False,False
67224,-2.17,4.6,False,False
67276,2.53,4.28,False,False
67330,-5.22,4.28,False,False
67382,-5.7,4.6,False,False
67434,-5.12,4.6,False,False
67486,-2.76,4.28,False,False
67538,-5.05,4.28,False,False
67591,0.7,4.28,False,False
67643,10.62,4.6,False,False
67695,-6.55,4.28,False,False
67747,-6.09,4.92,False,False
67800,-3.33,4.28,False,False
67852,-2.02,4.6,False,False
67904,0.43,4.6,False,False
67956,0.21,4.6,False,False
68008,-4.65,4.92,False,False
68062,-0.03,4.28,False,False
68114,3.64,4.28,False,False
68166,-2.13,4.6,False,False
68218,-3.24,4.28,False,False
68271,-1.79,4.6,False,False
68323,1.48,4.6,False,False
68375,-6.86,4.92,False,False
68427,0.57,4.6,False,False
68480,0.91,4.6,False,False
68532,-0.56,4.6,False,False
68584,-1.12,4.28,False,False
68636,-6.99,4.6,False,False
68689,4.07,4.28,False,False
68742,-3.33,4.92,False,False
68794,3.39,4.92,False,False
68846,4.42,4.28,False,False
68898,-6.36,4.6,False,False
68951,-2.97,4.28,False,False
69003,4.68,4.92,False,False
69055,8.68,4.28,False,False
69107,-3.86,4.6,False,False
69159,-2.03,4.6,False,False
69212,0.83,4.6,False,False
69264,-3.71,4.6,False,False
69316,-4.86,4.28,False,False
69369,8.79,4.6,False,False
69422,7.05,4.28,False,False
69474,0.28,4.6,False,False
69526,-2.19,4.6,False,False
69578,-3.07,4.6,False,False
69630,-16.19,4.92,False,False
69683,-0.77,4.28,False,False
69735,-5.75,4.6,False,False
69787,8.87,4.28,False,False
69839,-4.18,4.6,False,False
69892,8.64,4.28,False,False
69944,2.53,4.92,False,False
69997,7.91,4.28,False,False
70049,-4.84,4.28,False,False
70102,-0.13,4.92,False,False
70154,-5.73,4.92,False,False
70206,11.5,4.92,False,False
70258,1.88,4.6,False,False
70310,-1.01,4.92,False,False
70363,0.1,4.6,False,False
70415,1.54,4.6,False,False
70467,-0.38,4.92,False,False
70519,9.27,4.92,False,False
70572,-8.06,4.92,False,False
70624,-4.71,4.6,False,False
70677,-3.16,4.28,False,False
70729,-4.27,4.6,False,False
70781,6.61,5.24,False,False
70834,2.26,4.6,False,False
70886,-0.47,4.6,False,False
70938,3.15,4.6,False,False
70990,-1.84,4.6,False,False
71043,-2.14,4.6,False,False
71095,4.47,4.6,False,False
71147,4.12,4.6,False,False
71199,2.61,4.6,False,False
71251,2.07,4.6,False,False
71304,-2.55,4.28,False,False
71357,7.26,4.6,False,False
71409,-8.96,4.6,False,False
71461,11.31,4.28,False,False
71514,2.03,4.28,False,False
71566,-10.58,4.92,False,False
71618,8.08,4.28,False,False
71670,-4.64,4.92,False,False
71723,-0.18,4.6,False,False
71775,0.47,4.6,False,False
71827,-1.77,4.92,False,False
71879,-1.21,4.6,False,False
71931,-1.92,4.92,False,False
71984,-2.63,4.6,False,False
72037,-0.69,4.28,False,False
72089,3.49,4.6,False,False
72141,1.86,4.6,False,False
72194,0.03,4.92,False,False
72246,-5.57,4.6,False,False
72298,-12.83,4.6,False,False
72350,1.07,4.28,False,False
72402,0.69,4.6,False,False
72455,-9.96,4.6,False,False
72507,0.49,4.28,False,False
72559,0.19,4.92,False,False
72611,0.47,4.6,False,False
72664,-4.9,4.6,False,False
72716,-2.7,4.92,False,False
72769,-9.26,4.6,False,False
72821,0.28,4.6,False,False
72873,3.89,4.6,False,False
72926,8.68,4.6,False,False
72978,4.72,4.6,False,False
73030,5.97,4.6,False,False
73082,-12.33,4.28,False,False
73135,1.89,4.28,False,False
73187,2.55,4.6,False,False
73239,-3.64,4.28,False,False
73291,-10.85,4.6,False,False
73344,3.71,4.6,False,False
73396,1.67,4.6,False,False
73449,6.81,4.6,False,False
73501,-1.92,4.6,False,False
73553,-12.55,4.28,False,False
73606,-1.75,4.92,False,False
73658,5.17,4.92,False,False
73710,6.99,4.6,False,False
73762,-4.78,4.6,False,False
73815,5.15,4.6,False,False
73867,5.42,4.6,False,False
73919,-3.49,4.6,False,False
73971,-7.38,4.92,False,False
74023,-0.78,4.28,False,False
74076,-7.89,4.28,False,False
74129,11.08,4.6,False,False
74181,-9.69,4.6,False,False
74233,-3.55,4.6,False,False
74286,-7.3,4.6,False,False
74338,1.21,4.28,False,False
74390,11.92,4.28,False,False
74442,3.39,4.92,False,False
74494,-1.45,4.6,False,False
74547,4.7,4.6,False,False
74599,-3.7,4.6,False,False
74651,-2.85,4.6,False,False
74703,-7.06,4.28,False,False
74756,-2.92,4.6,False,False
74809,-4.69,4.6,False,False
74861,1.31,4.6,False,False
74913,1.49,5.24,False,False
74966,-5.14,4.92,False,False
75018,0.17,4.28,False,False
75070,-11.03,4.6,False,False
75122,7.03,4.6,False,False
75174,-3.21,4.6,False,False
75227,-5.14,4.6,False,False
75279,-9.62,4.6,False,False
75331,-3.53,4.28,False,False
75383,-8.65,4.28,False,False
75436,-4.01,4.92,False,False
75489,1.44,4.6,False,False
75541,-8.76,4.92,False,False
75593,3.69,4.92,False,False
75645,7.58,4.28,False,False
75698,-6.96,4.6,False,False
75750,5.07,4.92,False,False
75802,-7.9,4.6,False,False
75854,1.41,4.28,False,False
75907,-6.85,4.6,False,False
75959,2.87,4.92,False,False
76011,-10.77,4.92,False,False
76063,-9.56,4.6,False,False
76116,-1.42,4.28,False,False
76169,-2.11,4.28,False,False
76221,-9.03,4.6,False,False
76273,1.69,4.92,False,False
76325,-6.86,4.6,False,False
76378,5.71,4.28,False,False
76430,8.28,4.92,False,False
76482,-2.36,4.6,False,False
76534,2.56,4.6,False,False
76587,-0.54,4.6,False,False
76639,8.06,4.6,False,False
76691,-0.94,4.28,False,False
76743,-2.25,4.6,False,False
76796,10.35,4.28,False,False
76849,-2.05,4.92,False,False
76901,2.47,4.6,False,False
76953,-0.99,4.28,False,False
77005,5.87,4.6,False,False
77058,7.71,4.6,False,False
77110,1.72,4.92,False,False
77162,4.34,4.6,False,False
77214,13.36,4.6,False,False
77266,-11.75,4.6,False,False
77319,6.22,4.6,False,False
77371,-6.46,4.6,False,False
77424,-6.48,4.6,False,False
77476,11.22,4.28,False,False
77529,-5.07,4.6,False,False
77581,0.15,4.28,False,False
77633,3.75,4.6,False,False
77685,3.71,4.6,False,False
77737,3.45,4.6,False,False
77790,-7.96,4.28,False,False
77842,-2.15,4.6,False,False
77894,2.88,4.92,False,False
77946,-6.81,3.96,False,False
77999,5.9,4.28,False,False
78051,4.17,4.28,False,False
78104,1.4,4.6,False,False
78156,-0.08,4.92,False,False
78209,-1.93,4.6,False,False
78261,-2.46,4.28,False,False
78313,3.26,4.6,False,False
78365,-3.64,4.92,False,False
78417,0.49,4.6,False,False
78470,1.4,4.28,False,False
78522,-1.38,4.92,False,False
78574,-15.37,4.28,False,False
78626,3.67,4.28,False,False
78679,-4.37,4.28,False,False
78731,8.13,4.28,False,False
78784,7.72,4.6,False,False
78836,1.15,4.6,False,False
78888,-1.14,4.92,False,False
78941,-2.7,4.92,False,False
78993,-2.47,4.6,False,False
79045,-2.29,4.28,False,False
79097,3.6,4.92,False,False
79150,-8.21,4.6,False,False
79202,-9.42,4.28,False,False
79254,3.5,4.92,False,False
79306,-1.3,4.28,False,False
79358,-0.41,4.92,False,False
79412,-4.82,4.6,False,False
79464,-0.77,4.28,False,False
79516,3.35,4.6,False,False
79568,-3.01,4.6,False,False
79621,7.48,4.28,False,False
79673,-3.39,4.92,False,False
79725,0.92,4.6,False,False
79777,-11.57,4.6,False,False
79830,-6.66,4.92,False,False
79882,2.29,4.6,False,False
79934,10.62,4.6,False,False
79986,6.79,4.28,False,False
80038,-1.94,4.92,False,False
80092,-4.02,4.92,False,False
80144,1.34,4.28,False,False
80196,0.82,4.28,False,False
80248,-9.96,4.6,False,False
80301,-5.48,4.92,False,False
80353,-9.45,4.6,False,False
80405,5.55,4.28,False,False
80457,1.71,4.6,False,False
80509,1.22,4.28,False,False
80562,-3.89,4.6,False,False
80614,1.72,4.28,False,False
80666,-3.45,4.92,False,False
80719,-7.17,4.28,False,False
80772,-5.45,4.6,False,False
80824,13.4,4.6,False,False
80876,-1.98,4.6,False,False
80928,2.06,4.92,False,False
80980,-7.89,4.92,False,False
81033,9.58,4.6,False,False
81085,5.06,4.6,False,False
81137,2.97,4.28,False,False
81189,1.52,4.28,False,False
81242,-5.23,4.6,False,False
81294,2.65,4.28,False,False
81346,1.11,4.92,False,False
81398,-12.38,4.6,False,False
81452,-6.15,4.6,False,False
81504,-3.23,4.6,False,False
81556,0.28,4.28,False,False
81608,-2.92,4.6,False,False
81660,-1.2,4.28,False,False
81713,3.73,4.92,False,False
81765,2.74,4.28,False,False
81817,-8.0,4.6,False,False
81869,-11.54,4.28,False,False
81922,-6.59,4.92,False,False
81974,-4.62,4.6,False,False
82026,-6.61,4.28,False,False
82078,0.94,4.28,False,False
82131,1.35,4.6,False,False
82184,3.16,4.28,False,False
82236,5.88,4.6,False,False
82288,4.21,4.28,False,False
82340,-0.83,4.92,False,False
82393,-8.5,4.28,False,False
82445,-0.11,4.6,False,False
82497,-3.12,4.6,False,False
82549,-7.81,4.28,False,False
82601,-10.72,4.92,False,False
